{
  "gemini_AAPL_seed2024": {
    "perm_scores": {
      "cash": 0.0035259195137768984,
      "close_price": 0.0001824337086873129,
      "holdings": 0.0012764915591105819,
      "macd": 5.028423038311303e-05,
      "boll_ub": 0.0002839555381797254,
      "boll_lb": 0.00013722277071792632,
      "rsi_30": 0.00010836308501893654,
      "cci_30": 0.0013798705767840147,
      "dx_30": 9.655113535700366e-05,
      "close_30_sma": 0.00018335081404075027,
      "close_60_sma": 0.00017530328477732837,
      "news_relevance": 1.8612770873005502e-05,
      "sentiment": 1.746440102579072e-05,
      "price_impact_potential": 1.8854017980629578e-05,
      "trend_direction": 1.7591202777111903e-05,
      "earnings_impact": 1.3309992027643602e-05,
      "investor_confidence": 2.021274485741742e-05,
      "risk_profile_change": 8.96451274456922e-06
    },
    "perm_std": {
      "cash": 0.00021353692864067852,
      "close_price": 1.6151090676430613e-05,
      "holdings": 0.00020838482305407524,
      "macd": 7.952558917168062e-06,
      "boll_ub": 4.9333899369230494e-05,
      "boll_lb": 2.5719516997924075e-05,
      "rsi_30": 2.0200723156449385e-05,
      "cci_30": 0.00012024283205391839,
      "dx_30": 1.455636174796382e-05,
      "close_30_sma": 1.9036800949834287e-05,
      "close_60_sma": 3.657584238681011e-05,
      "news_relevance": 3.3262663237110246e-06,
      "sentiment": 4.443837042344967e-06,
      "price_impact_potential": 4.67803920400911e-06,
      "trend_direction": 3.9034694054862484e-06,
      "earnings_impact": 3.005878625117475e-06,
      "investor_confidence": 6.312678578979103e-06,
      "risk_profile_change": 1.6797891930764308e-06
    },
    "group_perm_pct": {
      "cash_price_holdings": 83.9238641510472,
      "tech_indicators": 15.246301705817778,
      "nlp_features": 0.8298341431350291
    },
    "weight_policy": {
      "cash": 0.14198482036590576,
      "close_price": 0.15298689901828766,
      "holdings": 0.1418541967868805,
      "macd": 0.12483431398868561,
      "boll_ub": 0.14108335971832275,
      "boll_lb": 0.14917762577533722,
      "rsi_30": 0.14294704794883728,
      "cci_30": 0.14342732727527618,
      "dx_30": 0.13071680068969727,
      "close_30_sma": 0.14669398963451385,
      "close_60_sma": 0.1408458650112152,
      "news_relevance": 0.13324639201164246,
      "sentiment": 0.14454452693462372,
      "price_impact_potential": 0.1445935070514679,
      "trend_direction": 0.14055943489074707,
      "earnings_impact": 0.14077147841453552,
      "investor_confidence": 0.14343442022800446,
      "risk_profile_change": 0.138802632689476
    },
    "weight_value": {
      "cash": 0.1206081435084343,
      "close_price": 0.14632883667945862,
      "holdings": 0.13676847517490387,
      "macd": 0.1631946712732315,
      "boll_ub": 0.14179319143295288,
      "boll_lb": 0.13421127200126648,
      "rsi_30": 0.14987707138061523,
      "cci_30": 0.19375300407409668,
      "dx_30": 0.1513182371854782,
      "close_30_sma": 0.1384868621826172,
      "close_60_sma": 0.15027524530887604,
      "news_relevance": 0.14893829822540283,
      "sentiment": 0.1648755818605423,
      "price_impact_potential": 0.1512441188097,
      "trend_direction": 0.16457511484622955,
      "earnings_impact": 0.17368757724761963,
      "investor_confidence": 0.1490541398525238,
      "risk_profile_change": 0.15969936549663544
    }
  },
  "gemini_MSFT_seed2024": {
    "perm_scores": {
      "cash": 0.00151304982136935,
      "close_price": 3.2509495213162154e-05,
      "holdings": 0.00021326963906176388,
      "macd": 4.76736113341758e-06,
      "boll_ub": 5.9888574469368905e-05,
      "boll_lb": 3.612525688367896e-05,
      "rsi_30": 3.3216267638636054e-06,
      "cci_30": 0.00043915625428780913,
      "dx_30": 8.342098226421513e-06,
      "close_30_sma": 2.0799327103304677e-05,
      "close_60_sma": 7.64728793001268e-06,
      "news_relevance": 2.249164253953495e-06,
      "sentiment": 7.418386758217821e-07,
      "price_impact_potential": 1.0128821941179922e-06,
      "trend_direction": 2.1283510704961373e-06,
      "earnings_impact": 1.2111947853554739e-06,
      "investor_confidence": 1.4965179389037075e-06,
      "risk_profile_change": 4.925909138364659e-07
    },
    "perm_std": {
      "cash": 8.694601274328306e-05,
      "close_price": 1.0232723070657812e-05,
      "holdings": 3.728714000317268e-05,
      "macd": 2.67462792180595e-06,
      "boll_ub": 1.9159455405315384e-05,
      "boll_lb": 9.173155376629438e-06,
      "rsi_30": 1.910108949232381e-06,
      "cci_30": 5.844241240993142e-05,
      "dx_30": 3.5377327094465727e-06,
      "close_30_sma": 1.0791770364448894e-05,
      "close_60_sma": 4.322969289205503e-06,
      "news_relevance": 1.7034623169820406e-06,
      "sentiment": 3.4809727367246523e-07,
      "price_impact_potential": 4.619821538653923e-07,
      "trend_direction": 7.09141659172019e-07,
      "earnings_impact": 4.594735116825177e-07,
      "investor_confidence": 7.965987265379226e-07,
      "risk_profile_change": 3.826754664260079e-07
    },
    "group_perm_pct": {
      "cash_price_holdings": 88.81420115152366,
      "tech_indicators": 10.983831169776492,
      "nlp_features": 0.2019676786998429
    },
    "weight_policy": {
      "cash": 0.14198419451713562,
      "close_price": 0.15298689901828766,
      "holdings": 0.1418544054031372,
      "macd": 0.12483431398868561,
      "boll_ub": 0.14108341932296753,
      "boll_lb": 0.14917781949043274,
      "rsi_30": 0.14294706284999847,
      "cci_30": 0.1434272676706314,
      "dx_30": 0.13071680068969727,
      "close_30_sma": 0.14669395983219147,
      "close_60_sma": 0.14084571599960327,
      "news_relevance": 0.13324639201164246,
      "sentiment": 0.14454452693462372,
      "price_impact_potential": 0.1445935070514679,
      "trend_direction": 0.14055943489074707,
      "earnings_impact": 0.14077147841453552,
      "investor_confidence": 0.14343442022800446,
      "risk_profile_change": 0.138802632689476
    },
    "weight_value": {
      "cash": 0.11457820236682892,
      "close_price": 0.1428215205669403,
      "holdings": 0.13780547678470612,
      "macd": 0.19033510982990265,
      "boll_ub": 0.14672783017158508,
      "boll_lb": 0.1355065107345581,
      "rsi_30": 0.14499293267726898,
      "cci_30": 0.19300109148025513,
      "dx_30": 0.16212476789951324,
      "close_30_sma": 0.13450214266777039,
      "close_60_sma": 0.15044382214546204,
      "news_relevance": 0.15076062083244324,
      "sentiment": 0.14748303592205048,
      "price_impact_potential": 0.14665770530700684,
      "trend_direction": 0.15003369748592377,
      "earnings_impact": 0.1505305916070938,
      "investor_confidence": 0.15636073052883148,
      "risk_profile_change": 0.1413378119468689
    }
  },
  "no_nlp_AAPL_seed2024": {
    "perm_scores": {
      "cash": 0.002557044615969062,
      "close_price": 0.00011027191067114472,
      "holdings": 0.0008499760297127068,
      "macd": 1.9914612494176254e-05,
      "boll_ub": 0.00018852748326025903,
      "boll_lb": 0.00010829250095412135,
      "rsi_30": 7.573248149128631e-05,
      "cci_30": 0.0009680145303718746,
      "dx_30": 4.467009785003029e-05,
      "close_30_sma": 9.220514766639099e-05,
      "close_60_sma": 0.00010210089385509491,
      "news_relevance": 0.0,
      "sentiment": 0.0,
      "price_impact_potential": 0.0,
      "trend_direction": 0.0,
      "earnings_impact": 0.0,
      "investor_confidence": 0.0,
      "risk_profile_change": 0.0
    },
    "perm_std": {
      "cash": 0.00012611263082362711,
      "close_price": 2.0291805412853137e-05,
      "holdings": 0.00015573002747260034,
      "macd": 6.233271051314659e-06,
      "boll_ub": 3.458308492554352e-05,
      "boll_lb": 1.638165849726647e-05,
      "rsi_30": 1.3715935892832931e-05,
      "cci_30": 0.00010060188651550561,
      "dx_30": 1.3164458323444705e-05,
      "close_30_sma": 1.812914342735894e-05,
      "close_60_sma": 2.329075323359575e-05,